Region,Codigo region,Comuna,Codigo comuna,Poblacion,2020-04-13,2020-04-15,2020-04-17,2020-04-20,2020-04-24
Arica y Parinacota,15,Arica,15101,247552,88,81,74,66,79
Arica y Parinacota,15,Camarones,15102,1233,0,0,0,0,0
Arica y Parinacota,15,General Lagos,15202,810,0,0,0,0,0
Arica y Parinacota,15,Putre,15201,2515,0,0,0,0,0
Arica y Parinacota,15,Total,,252110,88,81,74,66,79
,,,,,,,,,
Tarapaca,01,Alto Hospicio,01107,129999,8,8,7,15,19
Tarapaca,01,Camina,01402,1375,0,0,0,0,0
Tarapaca,01,Colchane,01403,1583,0,0,0,0,0
Tarapaca,01,Huara,01404,3000,0,0,0,0,0
Tarapaca,01,Iquique,01101,223463,11,8,10,10,29
Tarapaca,01,Pica,01405,5958,9,17,21,17,13
Tarapaca,01,Pozo Almonte,01401,17395,2,2,0,0,0
Tarapaca,01,Total,,382773,30,35,38,42,61
,,,,,,,,,
Antofagasta,02,Antofagasta,02101,425725,50,55,63,88,128
Antofagasta,02,Calama,02201,190336,12,11,10,10,10
Antofagasta,02,Maria Elena,02302,6814,1,2,4,6,7
Antofagasta,02,Mejillones,02102,14776,11,13,14,18,30
Antofagasta,02,Ollague,02202,287,0,0,0,0,0
Antofagasta,02,San Pedro de Atacama,02203,10434,1,0,0,0,0
Antofagasta,02,Sierra Gorda,02103,1746,0,0,0,0,0
Antofagasta,02,Taltal,02104,13657,3,5,5,5,4
Antofagasta,02,Tocopilla,02301,28079,1,3,8,4,1
Antofagasta,02,Total,,691854,79,89,104,131,180
,,,,,,,,,
Atacama,03,Alto del Carmen,03302,5729,0,0,0,0,0
Atacama,03,Caldera,03102,19426,0,0,0,0,0
Atacama,03,Chanaral,03201,13164,0,0,0,0,0
Atacama,03,Copiapo,03101,171766,5,5,5,4,0
Atacama,03,Diego de Almagro,03202,14358,0,0,0,0,0
Atacama,03,Freirina,03303,7681,0,0,0,0,0
Atacama,03,Huasco,03304,11264,0,0,0,1,0
Atacama,03,Tierra Amarilla,03103,14312,4,4,4,2,0
Atacama,03,Vallenar,03301,57009,0,0,0,0,7
Atacama,03,Total,,314709,9,9,9,7,7
,,,,,,,,,
Coquimbo,04,Andacollo,04103,11791,0,0,0,0,0
Coquimbo,04,Canela,04202,9546,0,0,0,0,0
Coquimbo,04,Combarbala,04302,13884,0,0,0,0,0
Coquimbo,04,Coquimbo,04102,256735,1,2,0,2,3
Coquimbo,04,Illapel,04201,32801,13,12,10,7,0
Coquimbo,04,La Higuera,04104,4450,0,0,0,0,0
Coquimbo,04,La Serena,04101,249656,2,1,1,2,4
Coquimbo,04,Los Vilos,04203,23374,0,0,0,0,0
Coquimbo,04,Monte Patria,04303,32527,0,0,0,0,0
Coquimbo,04,Ovalle,04301,121269,0,1,0,0,0
Coquimbo,04,Paiguano,04105,4675,0,0,0,0,0
Coquimbo,04,Punitaqui,04304,12165,0,0,0,0,1
Coquimbo,04,Rio Hurtado,04305,4372,0,0,0,0,0
Coquimbo,04,Salamanca,04204,29110,3,3,3,3,1
Coquimbo,04,Vicuna,04106,29741,0,0,0,0,0
Coquimbo,04,Total,,836096,19,19,14,14,9
,,,,,,,,,
Valparaiso,05,Algarrobo,05602,15174,0,0,0,0,0
Valparaiso,05,Cabildo,05402,20663,0,0,0,1,0
Valparaiso,05,Calera,05502,53591,1,3,5,7,9
Valparaiso,05,Calle Larga,05302,16482,2,2,3,4,2
Valparaiso,05,Cartagena,05603,25357,2,2,0,0,4
Valparaiso,05,Casablanca,05102,29170,2,1,1,1,0
Valparaiso,05,Catemu,05702,15213,0,0,0,0,0
Valparaiso,05,Concon,05103,45889,1,2,1,1,3
Valparaiso,05,El Quisco,05604,17742,2,3,3,4,4
Valparaiso,05,El Tabo,05605,14338,0,0,1,1,3
Valparaiso,05,Hijuelas,05503,19099,0,0,0,1,0
Valparaiso,05,Isla de Pascua,05201,8277,3,1,0,0,0
Valparaiso,05,Juan Fernandez,05104,1033,0,0,0,0,0
Valparaiso,05,La Cruz,05504,25321,3,2,2,2,0
Valparaiso,05,La Ligua,05401,37739,1,0,0,0,0
Valparaiso,05,Limache,05802,49931,6,8,11,11,11
Valparaiso,05,Llaillay,05703,26533,0,0,0,0,0
Valparaiso,05,Los Andes,05301,68093,3,4,5,4,1
Valparaiso,05,Nogales,05506,23490,0,0,0,0,0
Valparaiso,05,Olmue,05803,19266,1,1,2,0,0
Valparaiso,05,Panquehue,05704,7633,0,0,0,0,0
Valparaiso,05,Papudo,05403,6201,0,0,0,0,0
Valparaiso,05,Petorca,05404,10558,1,0,0,0,0
Valparaiso,05,Puchuncavi,05105,20071,0,0,0,0,0
Valparaiso,05,Putaendo,05705,17645,0,1,1,4,3
Valparaiso,05,Quillota,05501,97572,5,5,6,4,2
Valparaiso,05,Quilpue,05801,167085,7,5,5,5,4
Valparaiso,05,Quintero,05107,36135,0,0,0,0,3
Valparaiso,05,Rinconada,05303,11263,2,2,2,1,1
Valparaiso,05,San Antonio,05601,96761,11,9,18,16,20
Valparaiso,05,San Esteban,05304,20643,0,0,0,1,1
Valparaiso,05,San Felipe,05701,83494,1,0,0,0,0
Valparaiso,05,Santa Maria,05706,16367,0,0,0,0,0
Valparaiso,05,Santo Domingo,05606,11934,2,6,5,4,5
Valparaiso,05,Valparaiso,05101,315732,15,12,15,18,16
Valparaiso,05,Villa Alemana,05804,139310,1,1,1,0,1
Valparaiso,05,Vina del Mar,05109,361371,16,13,15,18,18
Valparaiso,05,Zapallar,05405,7994,0,0,0,0,0
Valparaiso,05,Total,,1960170,88,83,102,108,111
,,,,,,,,,
Metropolitana,13,Alhue,13502,7405,0,0,0,0,0
Metropolitana,13,Buin,13402,109641,15,15,14,17,16
Metropolitana,13,Calera de Tango,13403,28525,1,0,1,5,5
Metropolitana,13,Cerrillos,13102,88956,14,19,24,19,24
Metropolitana,13,Cerro Navia,13103,142465,27,29,41,53,51
Metropolitana,13,Colina,13301,180353,20,15,15,17,16
Metropolitana,13,Conchali,13104,139195,25,27,29,35,40
Metropolitana,13,Curacavi,13503,36430,6,4,4,2,1
Metropolitana,13,El Bosque,13105,172000,48,43,52,57,51
Metropolitana,13,El Monte,13602,40014,8,4,6,3,2
Metropolitana,13,Estacion Central,13106,206792,34,39,41,53,72
Metropolitana,13,Huechuraba,13107,112528,19,21,22,21,22
Metropolitana,13,Independencia,13108,142065,28,29,45,69,130
Metropolitana,13,Isla de Maipo,13603,40171,7,5,3,1,0
Metropolitana,13,La Cisterna,13109,100434,21,24,23,28,29
Metropolitana,13,La Florida,13110,402433,73,65,80,79,88
Metropolitana,13,La Granja,13111,122557,26,23,22,25,22
Metropolitana,13,La Pintana,13112,189335,34,38,44,55,55
Metropolitana,13,La Reina,13113,100252,16,14,13,10,7
Metropolitana,13,Lampa,13302,126898,18,17,14,12,16
Metropolitana,13,Las Condes,13114,330759,48,39,38,34,42
Metropolitana,13,Lo Barnechea,13115,124076,24,26,39,47,41
Metropolitana,13,Lo Espejo,13116,103865,37,33,33,30,24
Metropolitana,13,Lo Prado,13117,104403,19,15,27,34,34
Metropolitana,13,Macul,13118,134635,15,9,13,16,32
Metropolitana,13,Maipu,13119,578605,84,85,107,109,106
Metropolitana,13,Maria Pinto,13504,14926,0,0,1,0,0
Metropolitana,13,Melipilla,13501,141612,5,7,12,19,20
Metropolitana,13,Nunoa,13120,250192,62,66,81,77,76
Metropolitana,13,Padre Hurtado,13604,74188,11,9,10,11,6
Metropolitana,13,Paine,13404,82766,5,5,6,4,4
Metropolitana,13,Pedro Aguirre Cerda,13121,107803,35,47,50,43,36
Metropolitana,13,Penaflor,13605,101058,9,8,9,14,17
Metropolitana,13,Penalolen,13122,266798,63,56,68,74,73
Metropolitana,13,Pirque,13202,30433,5,6,5,5,4
Metropolitana,13,Providencia,13123,157749,28,24,32,45,42
Metropolitana,13,Pudahuel,13124,253139,39,35,39,42,41
Metropolitana,13,Puente Alto,13201,645909,186,177,230,245,269
Metropolitana,13,Quilicura,13125,254694,49,45,48,46,60
Metropolitana,13,Quinta Normal,13126,136368,45,51,62,68,66
Metropolitana,13,Recoleta,13127,190075,39,34,51,64,90
Metropolitana,13,Renca,13128,160847,21,27,43,52,68
Metropolitana,13,San Bernardo,13401,334836,81,77,107,111,146
Metropolitana,13,San Joaquin,13129,103485,24,26,41,46,47
Metropolitana,13,San Jose de Maipo,13203,18644,1,1,1,1,2
Metropolitana,13,San Miguel,13130,133059,42,41,48,57,50
Metropolitana,13,San Pedro,13505,11953,0,0,0,1,2
Metropolitana,13,San Ramon,13131,86510,8,14,15,21,37
Metropolitana,13,Santiago,13101,503147,172,142,166,151,183
Metropolitana,13,Talagante,13601,81838,9,9,8,8,9
Metropolitana,13,Tiltil,13303,21477,1,1,1,1,1
Metropolitana,13,Vitacura,13132,96774,19,11,8,8,5
Metropolitana,13,Total,,8125072,1627,1663,1892,2045,2280
,,,,,,,,,
Del Libertador General Bernardo O’Higgins,06,Chepica,06302,15925,0,0,0,0,0
Del Libertador General Bernardo O’Higgins,06,Chimbarongo,06303,37696,0,0,0,0,0
Del Libertador General Bernardo O’Higgins,06,Codegua,06102,14096,0,0,0,0,0
Del Libertador General Bernardo O’Higgins,06,Coinco,06103,7831,0,0,0,0,1
Del Libertador General Bernardo O’Higgins,06,Coltauco,06104,21263,0,0,0,0,0
Del Libertador General Bernardo O’Higgins,06,Donihue,06105,22700,0,0,0,0,1
Del Libertador General Bernardo O’Higgins,06,Graneros,06106,36504,0,0,0,0,2
Del Libertador General Bernardo O’Higgins,06,La Estrella,06202,3114,0,0,0,0,0
Del Libertador General Bernardo O’Higgins,06,Las Cabras,06107,26749,0,1,1,0,2
Del Libertador General Bernardo O’Higgins,06,Litueche,06203,6765,0,0,0,0,1
Del Libertador General Bernardo O’Higgins,06,Lolol,06304,7289,0,0,0,0,0
Del Libertador General Bernardo O’Higgins,06,Machali,06108,59913,0,0,1,3,8
Del Libertador General Bernardo O’Higgins,06,Malloa,06109,14163,0,0,0,0,0
Del Libertador General Bernardo O’Higgins,06,Marchihue,06204,7632,0,0,0,0,0
Del Libertador General Bernardo O’Higgins,06,Mostazal,06110,27462,0,0,0,0,0
Del Libertador General Bernardo O’Higgins,06,Nancagua,06305,19141,0,0,0,0,0
Del Libertador General Bernardo O’Higgins,06,Navidad,06205,6904,0,0,0,0,0
Del Libertador General Bernardo O’Higgins,06,Olivar,06111,14624,3,4,3,3,1
Del Libertador General Bernardo O’Higgins,06,Palmilla,06306,13299,0,0,0,0,0
Del Libertador General Bernardo O’Higgins,06,Paredones,06206,6349,0,0,0,0,0
Del Libertador General Bernardo O’Higgins,06,Peralillo,06307,11848,0,0,0,0,0
Del Libertador General Bernardo O’Higgins,06,Peumo,06112,14952,0,0,0,0,0
Del Libertador General Bernardo O’Higgins,06,Pichidegua,06113,20743,0,0,0,0,0
Del Libertador General Bernardo O’Higgins,06,Pichilemu,06201,17882,0,0,0,0,0
Del Libertador General Bernardo O’Higgins,06,Placilla,06308,9164,0,0,0,0,0
Del Libertador General Bernardo O’Higgins,06,Pumanque,06309,3531,0,0,0,0,0
Del Libertador General Bernardo O’Higgins,06,Quinta de Tilcoco,06114,13877,0,0,0,0,0
Del Libertador General Bernardo O’Higgins,06,Rancagua,06101,265211,3,3,3,1,8
Del Libertador General Bernardo O’Higgins,06,Rengo,06115,63710,0,0,0,0,1
Del Libertador General Bernardo O’Higgins,06,Requinoa,06116,30371,0,0,0,0,1
Del Libertador General Bernardo O’Higgins,06,San Fernando,06301,78642,1,1,1,2,2
Del Libertador General Bernardo O’Higgins,06,San Vicente,06117,50617,1,0,0,0,0
Del Libertador General Bernardo O’Higgins,06,Santa Cruz,06310,41096,1,0,0,0,1
Del Libertador General Bernardo O’Higgins,06,Total,,991063,9,9,9,9,29
,,,,,,,,,
Maule,07,Cauquenes,07201,44143,2,2,4,5,6
Maule,07,Chanco,07202,9331,0,0,0,1,1
Maule,07,Colbun,07402,22565,2,1,0,0,0
Maule,07,Constitucion,07102,50348,1,1,5,5,11
Maule,07,Curepto,07103,9426,3,3,5,4,4
Maule,07,Curico,07301,163626,8,8,12,15,10
Maule,07,Empedrado,07104,4206,0,0,0,0,0
Maule,07,Hualane,07302,10222,0,0,0,0,0
Maule,07,Licanten,07303,6989,0,0,1,1,1
Maule,07,Linares,07401,101073,5,3,7,8,8
Maule,07,Longavi,07403,32810,1,1,1,1,1
Maule,07,Maule,07105,60000,2,2,5,9,16
Maule,07,Molina,07304,49800,0,0,1,2,4
Maule,07,Parral,07404,44544,2,2,2,1,2
Maule,07,Pelarco,07106,9083,3,3,5,5,2
Maule,07,Pelluhue,07203,8092,0,0,0,0,0
Maule,07,Pencahue,07107,8601,0,0,1,2,3
Maule,07,Rauco,07305,11248,1,1,1,0,0
Maule,07,Retiro,07405,21071,1,1,2,2,0
Maule,07,Rio Claro,07108,14753,2,2,4,3,3
Maule,07,Romeral,07306,16170,0,0,3,9,10
Maule,07,Sagrada Familia,07307,19469,1,1,0,0,1
Maule,07,San Clemente,07109,46292,0,0,4,6,8
Maule,07,San Javier,07406,49451,6,5,4,6,10
Maule,07,San Rafael,07110,9959,1,1,1,1,1
Maule,07,Talca,07101,236724,7,10,48,77,83
Maule,07,Teno,07308,30850,1,1,1,2,1
Maule,07,Vichuquen,07309,4381,0,0,0,0,0
Maule,07,Villa Alegre,07407,17512,0,0,0,1,1
Maule,07,Yerbas Buenas,07408,19200,0,0,0,1,0
Maule,07,Total,,1131939,49,48,117,167,187
,,,,,,,,,
Nuble,16,Bulnes,16102,22607,13,9,6,7,9
Nuble,16,Chillan,16101,198624,84,66,57,35,37
Nuble,16,Chillan Viejo,16103,33827,13,11,7,9,3
Nuble,16,Cobquecura,16202,5275,0,0,0,0,0
Nuble,16,Coelemu,16203,16845,2,0,0,0,0
Nuble,16,Coihueco,16302,28375,6,5,6,12,13
Nuble,16,El Carmen,16104,12334,1,1,1,0,0
Nuble,16,Ninhue,16204,5414,2,2,2,2,2
Nuble,16,Niquen,16303,11567,2,2,2,2,0
Nuble,16,Pemuco,16105,8639,3,2,1,1,1
Nuble,16,Pinto,16106,11880,5,4,3,2,2
Nuble,16,Portezuelo,16205,4940,1,0,0,0,0
Nuble,16,Quillon,16107,18777,6,1,1,1,0
Nuble,16,Quirihue,16201,12192,3,0,0,0,1
Nuble,16,Ranquil,16206,6261,5,2,0,0,0
Nuble,16,San Carlos,16301,56252,12,10,5,4,3
Nuble,16,San Fabian,16304,4654,1,1,1,0,1
Nuble,16,San Ignacio,16108,16624,1,1,1,0,1
Nuble,16,San Nicolas,16305,12172,5,6,5,3,2
Nuble,16,Treguaco,16207,5696,0,0,0,0,0
Nuble,16,Yungay,16109,18596,25,17,13,4,3
Nuble,16,Total,,511551,190,140,111,82,78
,,,,,,,,,
Biobio,08,Alto Biobio,08314,6775,0,0,0,0,0
Biobio,08,Antuco,08302,4306,0,0,0,0,0
Biobio,08,Arauco,08202,38679,2,0,0,0,0
Biobio,08,Cabrero,08303,30725,7,4,5,3,6
Biobio,08,Canete,08203,37003,0,0,0,0,0
Biobio,08,Chiguayante,08103,91180,27,13,9,8,17
Biobio,08,Concepcion,08101,238092,23,47,43,33,33
Biobio,08,Contulmo,08204,6330,0,0,0,0,0
Biobio,08,Coronel,08102,125829,9,2,2,1,0
Biobio,08,Curanilahue,08205,33892,0,0,0,0,1
Biobio,08,Florida,08104,11841,0,1,0,0,0
Biobio,08,Hualpen,08112,97273,68,25,19,15,13
Biobio,08,Hualqui,08105,26201,4,5,6,5,10
Biobio,08,Laja,08304,23873,0,1,1,1,4
Biobio,08,Lebu,08201,27100,0,0,0,0,0
Biobio,08,Los Alamos,08206,22524,0,0,0,0,1
Biobio,08,Los Angeles,08301,218515,4,1,2,4,3
Biobio,08,Lota,08106,45750,0,0,0,0,0
Biobio,08,Mulchen,08305,31041,0,0,0,0,0
Biobio,08,Nacimiento,08306,27944,4,5,3,2,1
Biobio,08,Negrete,08307,10429,2,2,0,0,0
Biobio,08,Penco,08107,49865,5,5,6,7,9
Biobio,08,Quilaco,08308,4179,0,0,0,0,0
Biobio,08,Quilleco,08309,10032,0,0,0,1,1
Biobio,08,San Pedro de la Paz,08108,145906,29,17,14,13,15
Biobio,08,San Rosendo,08310,3611,0,0,0,0,0
Biobio,08,Santa Barbara,08311,14592,0,0,0,0,0
Biobio,08,Santa Juana,08109,14779,0,0,0,0,1
Biobio,08,Talcahuano,08110,158345,17,31,22,28,24
Biobio,08,Tirua,08207,11019,1,0,0,0,0
Biobio,08,Tome,08111,58729,27,17,14,10,12
Biobio,08,Tucapel,08312,15205,1,0,1,0,0
Biobio,08,Yumbel,08313,22132,0,0,0,1,1
Biobio,08,Total,,1663696,235,176,147,132,152
,,,,,,,,,
La Araucania,09,Angol,09201,56058,13,18,15,25,38
La Araucania,09,Carahue,09102,25486,14,15,14,12,10
La Araucania,09,Cholchol,09121,12341,0,0,1,1,1
La Araucania,09,Collipulli,09202,26148,1,1,0,1,1
La Araucania,09,Cunco,09103,18055,2,3,2,0,0
La Araucania,09,Curacautin,09203,18178,3,2,2,0,1
La Araucania,09,Curarrehue,09104,7802,0,0,0,0,0
La Araucania,09,Ercilla,09204,8458,3,2,3,4,5
La Araucania,09,Freire,09105,25446,0,0,0,1,2
La Araucania,09,Galvarino,09106,12633,1,0,0,0,0
La Araucania,09,Gorbea,09107,15148,1,0,1,1,2
La Araucania,09,Lautaro,09108,40746,13,11,5,7,5
La Araucania,09,Loncoche,09109,24739,4,3,3,3,0
La Araucania,09,Lonquimay,09205,11049,0,0,0,0,0
La Araucania,09,Los Sauces,09206,7517,0,0,0,0,0
La Araucania,09,Lumaco,09207,10050,0,0,0,0,0
La Araucania,09,Melipeuco,09110,6265,0,0,0,0,0
La Araucania,09,Nueva Imperial,09111,33777,9,12,12,12,9
La Araucania,09,Padre Las Casas,09112,82110,20,17,13,20,16
La Araucania,09,Perquenco,09113,7223,1,0,1,3,3
La Araucania,09,Pitrufquen,09114,26096,4,3,0,1,1
La Araucania,09,Pucon,09115,29782,1,2,5,2,1
La Araucania,09,Puren,09208,12188,0,0,0,0,0
La Araucania,09,Renaico,09209,10833,1,1,1,1,2
La Araucania,09,Saavedra,09116,12793,0,0,1,6,12
La Araucania,09,Temuco,09101,302931,159,131,119,113,84
La Araucania,09,Teodoro Schmidt,09117,15786,1,1,1,0,1
La Araucania,09,Tolten,09118,10055,3,1,0,0,0
La Araucania,09,Traiguen,09210,19314,2,1,1,1,1
La Araucania,09,Victoria,09211,35467,6,1,1,16,41
La Araucania,09,Vilcun,09119,30766,10,8,6,8,4
La Araucania,09,Villarrica,09120,59103,5,5,3,1,0
La Araucania,09,Total,,1014343,314,241,233,239,240
,,,,,,,,,
Los Rios,14,Corral,14102,5447,0,1,1,1,1
Los Rios,14,Futrono,14202,15261,1,0,0,0,0
Los Rios,14,La Union,14201,39538,9,6,6,6,6
Los Rios,14,Lago Ranco,14203,10292,0,0,0,0,0
Los Rios,14,Lanco,14103,17652,1,2,2,1,1
Los Rios,14,Los Lagos,14104,20518,0,0,0,0,0
Los Rios,14,Mafil,14105,7389,0,0,0,0,1
Los Rios,14,Mariquina,14106,23250,6,3,1,0,0
Los Rios,14,Paillaco,14107,20798,0,0,0,0,0
Los Rios,14,Panguipulli,14108,35991,1,0,0,1,0
Los Rios,14,Rio Bueno,14204,32925,4,1,1,1,1
Los Rios,14,Valdivia,14101,176774,28,24,21,15,8
Los Rios,14,Total,,405835,50,37,32,25,18
,,,,,,,,,
Los Lagos,10,Ancud,10202,42458,3,3,3,8,5
Los Lagos,10,Calbuco,10102,36744,2,0,1,1,1
Los Lagos,10,Castro,10201,47607,5,4,3,0,0
Los Lagos,10,Chaiten,10401,5020,0,0,0,0,0
Los Lagos,10,Chonchi,10203,16013,0,0,0,0,0
Los Lagos,10,Cochamo,10103,4006,0,0,1,1,0
Los Lagos,10,Curaco de Velez,10204,4066,0,0,0,0,0
Los Lagos,10,Dalcahue,10205,15069,0,0,0,0,0
Los Lagos,10,Fresia,10104,12656,0,0,0,1,0
Los Lagos,10,Frutillar,10105,20223,4,4,2,2,0
Los Lagos,10,Futaleufu,10402,2806,0,0,0,0,0
Los Lagos,10,Hualaihue,10403,9525,0,0,0,0,0
Los Lagos,10,Llanquihue,10107,18621,1,0,1,0,0
Los Lagos,10,Los Muermos,10106,17817,0,0,0,0,0
Los Lagos,10,Maullin,10108,14894,1,1,2,1,0
Los Lagos,10,Osorno,10301,173410,67,49,44,35,27
Los Lagos,10,Palena,10404,1827,0,0,0,0,0
Los Lagos,10,Puerto Montt,10101,269398,11,10,7,8,5
Los Lagos,10,Puerto Octay,10302,9192,0,0,0,0,1
Los Lagos,10,Puerto Varas,10109,48620,4,3,4,2,0
Los Lagos,10,Puqueldon,10206,4201,0,0,0,0,0
Los Lagos,10,Purranque,10303,21080,13,8,5,2,1
Los Lagos,10,Puyehue,10304,11787,1,0,0,0,0
Los Lagos,10,Queilen,10207,5543,0,0,0,0,0
Los Lagos,10,Quellon,10208,29309,0,0,0,0,0
Los Lagos,10,Quemchi,10209,8783,0,0,0,0,0
Los Lagos,10,Quinchao,10210,8298,0,0,0,0,0
Los Lagos,10,Rio Negro,10305,14275,2,2,1,0,1
Los Lagos,10,San Juan de la Costa,10306,7639,13,5,4,3,8
Los Lagos,10,San Pablo,10307,10553,4,4,2,2,2
Los Lagos,10,Total,,891440,131,93,80,66,51
,,,,,,,,,
Aysen,11,Aysen,11201,25002,1,0,0,0,0
Aysen,11,Chile Chico,11401,5121,1,0,0,0,0
Aysen,11,Cisnes,11202,5828,0,0,0,0,0
Aysen,11,Cochrane,11301,3685,0,0,0,0,0
Aysen,11,Coyhaique,11101,61210,0,0,0,0,0
Aysen,11,Guaitecas,11203,1599,0,0,0,0,0
Aysen,11,Lago Verde,11102,920,0,0,0,0,0
Aysen,11,OHiggins,11302,661,0,0,0,0,0
Aysen,11,Rio Ibanez,11402,2699,0,0,0,0,0
Aysen,11,Tortel,11303,572,0,0,0,0,0
Aysen,11,Total,,107297,2,0,0,0,0
,,,,,,,,,
Magallanes y la Antartica,12,Antartica,12202,137,0,0,0,0,0
Magallanes y la Antartica,12,Cabo de Hornos,12201,1983,3,1,1,1,0
Magallanes y la Antartica,12,Laguna Blanca,12102,264,0,0,0,0,0
Magallanes y la Antartica,12,Natales,12401,23782,1,0,1,1,0
Magallanes y la Antartica,12,Porvenir,12301,7323,1,0,1,4,2
Magallanes y la Antartica,12,Primavera,12302,694,0,0,1,1,1
Magallanes y la Antartica,12,Punta Arenas,12101,141984,210,184,179,182,147
Magallanes y la Antartica,12,Rio Verde,12103,211,0,0,0,0,0
Magallanes y la Antartica,12,San Gregorio,12104,681,0,0,0,0,0
Magallanes y la Antartica,12,Timaukel,12303,282,0,0,0,0,0
Magallanes y la Antartica,12,Torres del Paine,12402,1021,0,0,0,0,0
Magallanes y la Antartica,,Total,,178362,215,185,183,189,151