[{"Region":"Arica y Parinacota","Poblacion":252110,"Fecha":"2020\/04\/09","PCR Realizados":"70","Region ID":15,"Tasa":27.7656578478},{"Region":"Tarapac\u00e1","Poblacion":382773,"Fecha":"2020\/04\/09","PCR Realizados":"-","Region ID":1,"Tasa":"-"},{"Region":"Antofagasta","Poblacion":691854,"Fecha":"2020\/04\/09","PCR Realizados":"182","Region ID":2,"Tasa":26.3061281716},{"Region":"Atacama","Poblacion":314709,"Fecha":"2020\/04\/09","PCR Realizados":"57","Region ID":3,"Tasa":18.1119701057},{"Region":"Coquimbo","Poblacion":836096,"Fecha":"2020\/04\/09","PCR Realizados":"-","Region ID":4,"Tasa":"-"},{"Region":"Valpara\u00edso","Poblacion":1960170,"Fecha":"2020\/04\/09","PCR Realizados":"301","Region ID":5,"Tasa":15.3558109756},{"Region":"Metropolitana","Poblacion":8125072,"Fecha":"2020\/04\/09","PCR Realizados":"5383","Region ID":13,"Tasa":66.2517206001},{"Region":"O\u2019Higgins","Poblacion":991063,"Fecha":"2020\/04\/09","PCR Realizados":"68","Region ID":6,"Tasa":6.8613196134},{"Region":"Maule","Poblacion":1131939,"Fecha":"2020\/04\/09","PCR Realizados":"397","Region ID":7,"Tasa":35.0725613306},{"Region":"\u00d1uble","Poblacion":511551,"Fecha":"2020\/04\/09","PCR Realizados":"364","Region ID":16,"Tasa":71.1561506086},{"Region":"Biob\u00edo","Poblacion":1663696,"Fecha":"2020\/04\/09","PCR Realizados":"592","Region ID":8,"Tasa":35.5834238948},{"Region":"Araucan\u00eda","Poblacion":1014343,"Fecha":"2020\/04\/09","PCR Realizados":"124","Region ID":9,"Tasa":12.2246616776},{"Region":"Los R\u00edos","Poblacion":405835,"Fecha":"2020\/04\/09","PCR Realizados":"-","Region ID":14,"Tasa":"-"},{"Region":"Los Lagos","Poblacion":891440,"Fecha":"2020\/04\/09","PCR Realizados":"341","Region ID":10,"Tasa":38.2527147088},{"Region":"Ays\u00e9n","Poblacion":107297,"Fecha":"2020\/04\/09","PCR Realizados":"10","Region ID":11,"Tasa":9.3199250678},{"Region":"Magallanes","Poblacion":178362,"Fecha":"2020\/04\/09","PCR Realizados":"73","Region ID":12,"Tasa":40.9280003588},{"Region":"Arica y Parinacota","Poblacion":252110,"Fecha":"2020\/04\/10","PCR Realizados":"-","Region ID":15,"Tasa":"-"},{"Region":"Tarapac\u00e1","Poblacion":382773,"Fecha":"2020\/04\/10","PCR Realizados":"-","Region ID":1,"Tasa":"-"},{"Region":"Antofagasta","Poblacion":691854,"Fecha":"2020\/04\/10","PCR Realizados":"128","Region ID":2,"Tasa":18.5010132196},{"Region":"Atacama","Poblacion":314709,"Fecha":"2020\/04\/10","PCR Realizados":"52","Region ID":3,"Tasa":16.5232007982},{"Region":"Coquimbo","Poblacion":836096,"Fecha":"2020\/04\/10","PCR Realizados":"-","Region ID":4,"Tasa":"-"},{"Region":"Valpara\u00edso","Poblacion":1960170,"Fecha":"2020\/04\/10","PCR Realizados":"249","Region ID":5,"Tasa":12.7029798436},{"Region":"Metropolitana","Poblacion":8125072,"Fecha":"2020\/04\/10","PCR Realizados":"3158","Region ID":13,"Tasa":38.8673478832},{"Region":"O\u2019Higgins","Poblacion":991063,"Fecha":"2020\/04\/10","PCR Realizados":"-","Region ID":6,"Tasa":"-"},{"Region":"Maule","Poblacion":1131939,"Fecha":"2020\/04\/10","PCR Realizados":"219","Region ID":7,"Tasa":19.3473323209},{"Region":"\u00d1uble","Poblacion":511551,"Fecha":"2020\/04\/10","PCR Realizados":"-","Region ID":16,"Tasa":"-"},{"Region":"Biob\u00edo","Poblacion":1663696,"Fecha":"2020\/04\/10","PCR Realizados":"149","Region ID":8,"Tasa":8.9559631086},{"Region":"Araucan\u00eda","Poblacion":1014343,"Fecha":"2020\/04\/10","PCR Realizados":"148","Region ID":9,"Tasa":14.5907252281},{"Region":"Los R\u00edos","Poblacion":405835,"Fecha":"2020\/04\/10","PCR Realizados":"91","Region ID":14,"Tasa":22.4229058608},{"Region":"Los Lagos","Poblacion":891440,"Fecha":"2020\/04\/10","PCR Realizados":"199","Region ID":10,"Tasa":22.3234317509},{"Region":"Ays\u00e9n","Poblacion":107297,"Fecha":"2020\/04\/10","PCR Realizados":"-","Region ID":11,"Tasa":"-"},{"Region":"Magallanes","Poblacion":178362,"Fecha":"2020\/04\/10","PCR Realizados":"24","Region ID":12,"Tasa":13.4557809399},{"Region":"Arica y Parinacota","Poblacion":252110,"Fecha":"2020\/04\/11","PCR Realizados":"-","Region ID":15,"Tasa":"-"},{"Region":"Tarapac\u00e1","Poblacion":382773,"Fecha":"2020\/04\/11","PCR Realizados":"-","Region ID":1,"Tasa":"-"},{"Region":"Antofagasta","Poblacion":691854,"Fecha":"2020\/04\/11","PCR Realizados":"107","Region ID":2,"Tasa":15.4656907382},{"Region":"Atacama","Poblacion":314709,"Fecha":"2020\/04\/11","PCR Realizados":"60","Region ID":3,"Tasa":19.0652316902},{"Region":"Coquimbo","Poblacion":836096,"Fecha":"2020\/04\/11","PCR Realizados":"-","Region ID":4,"Tasa":"-"},{"Region":"Valpara\u00edso","Poblacion":1960170,"Fecha":"2020\/04\/11","PCR Realizados":"248","Region ID":5,"Tasa":12.6519638603},{"Region":"Metropolitana","Poblacion":8125072,"Fecha":"2020\/04\/11","PCR Realizados":"2105","Region ID":13,"Tasa":25.9074627277},{"Region":"O\u2019Higgins","Poblacion":991063,"Fecha":"2020\/04\/11","PCR Realizados":"74","Region ID":6,"Tasa":7.4667301675},{"Region":"Maule","Poblacion":1131939,"Fecha":"2020\/04\/11","PCR Realizados":"-","Region ID":7,"Tasa":"-"},{"Region":"\u00d1uble","Poblacion":511551,"Fecha":"2020\/04\/11","PCR Realizados":"259","Region ID":16,"Tasa":50.6303379331},{"Region":"Biob\u00edo","Poblacion":1663696,"Fecha":"2020\/04\/11","PCR Realizados":"281","Region ID":8,"Tasa":16.890104923},{"Region":"Araucan\u00eda","Poblacion":1014343,"Fecha":"2020\/04\/11","PCR Realizados":"126","Region ID":9,"Tasa":12.4218336401},{"Region":"Los R\u00edos","Poblacion":405835,"Fecha":"2020\/04\/11","PCR Realizados":"-","Region ID":14,"Tasa":"-"},{"Region":"Los Lagos","Poblacion":891440,"Fecha":"2020\/04\/11","PCR Realizados":"178","Region ID":10,"Tasa":19.9676927219},{"Region":"Ays\u00e9n","Poblacion":107297,"Fecha":"2020\/04\/11","PCR Realizados":"-","Region ID":11,"Tasa":"-"},{"Region":"Magallanes","Poblacion":178362,"Fecha":"2020\/04\/11","PCR Realizados":"46","Region ID":12,"Tasa":25.7902468014},{"Region":"Arica y Parinacota","Poblacion":252110,"Fecha":"2020\/04\/12","PCR Realizados":"103","Region ID":15,"Tasa":40.8551822617},{"Region":"Tarapac\u00e1","Poblacion":382773,"Fecha":"2020\/04\/12","PCR Realizados":"-","Region ID":1,"Tasa":"-"},{"Region":"Antofagasta","Poblacion":691854,"Fecha":"2020\/04\/12","PCR Realizados":"175","Region ID":2,"Tasa":25.2943540111},{"Region":"Atacama","Poblacion":314709,"Fecha":"2020\/04\/12","PCR Realizados":"25","Region ID":3,"Tasa":7.9438465376},{"Region":"Coquimbo","Poblacion":836096,"Fecha":"2020\/04\/12","PCR Realizados":"-","Region ID":4,"Tasa":"-"},{"Region":"Valpara\u00edso","Poblacion":1960170,"Fecha":"2020\/04\/12","PCR Realizados":"273","Region ID":5,"Tasa":13.927363443},{"Region":"Metropolitana","Poblacion":8125072,"Fecha":"2020\/04\/12","PCR Realizados":"3861","Region ID":13,"Tasa":47.5195789034},{"Region":"O\u2019Higgins","Poblacion":991063,"Fecha":"2020\/04\/12","PCR Realizados":"-","Region ID":6,"Tasa":"-"},{"Region":"Maule","Poblacion":1131939,"Fecha":"2020\/04\/12","PCR Realizados":"341","Region ID":7,"Tasa":30.1252982714},{"Region":"\u00d1uble","Poblacion":511551,"Fecha":"2020\/04\/12","PCR Realizados":"189","Region ID":16,"Tasa":36.946462816},{"Region":"Biob\u00edo","Poblacion":1663696,"Fecha":"2020\/04\/12","PCR Realizados":"469","Region ID":8,"Tasa":28.190246295},{"Region":"Araucan\u00eda","Poblacion":1014343,"Fecha":"2020\/04\/12","PCR Realizados":"184","Region ID":9,"Tasa":18.1398205538},{"Region":"Los R\u00edos","Poblacion":405835,"Fecha":"2020\/04\/12","PCR Realizados":"-","Region ID":14,"Tasa":"-"},{"Region":"Los Lagos","Poblacion":891440,"Fecha":"2020\/04\/12","PCR Realizados":"225","Region ID":10,"Tasa":25.2400610249},{"Region":"Ays\u00e9n","Poblacion":107297,"Fecha":"2020\/04\/12","PCR Realizados":"7","Region ID":11,"Tasa":6.5239475475},{"Region":"Magallanes","Poblacion":178362,"Fecha":"2020\/04\/12","PCR Realizados":"45","Region ID":12,"Tasa":25.2295892623},{"Region":"Arica y Parinacota","Poblacion":252110,"Fecha":"2020\/04\/13","PCR Realizados":"-","Region ID":15,"Tasa":"-"},{"Region":"Tarapac\u00e1","Poblacion":382773,"Fecha":"2020\/04\/13","PCR Realizados":"-","Region ID":1,"Tasa":"-"},{"Region":"Antofagasta","Poblacion":691854,"Fecha":"2020\/04\/13","PCR Realizados":"103","Region ID":2,"Tasa":14.8875340751},{"Region":"Atacama","Poblacion":314709,"Fecha":"2020\/04\/13","PCR Realizados":"20","Region ID":3,"Tasa":6.3550772301},{"Region":"Coquimbo","Poblacion":836096,"Fecha":"2020\/04\/13","PCR Realizados":"-","Region ID":4,"Tasa":"-"},{"Region":"Valpara\u00edso","Poblacion":1960170,"Fecha":"2020\/04\/13","PCR Realizados":"223","Region ID":5,"Tasa":11.3765642776},{"Region":"Metropolitana","Poblacion":8125072,"Fecha":"2020\/04\/13","PCR Realizados":"1850","Region ID":13,"Tasa":22.7690290006},{"Region":"O\u2019Higgins","Poblacion":991063,"Fecha":"2020\/04\/13","PCR Realizados":"74","Region ID":6,"Tasa":7.4667301675},{"Region":"Maule","Poblacion":1131939,"Fecha":"2020\/04\/13","PCR Realizados":"113","Region ID":7,"Tasa":9.9828701017},{"Region":"\u00d1uble","Poblacion":511551,"Fecha":"2020\/04\/13","PCR Realizados":"65","Region ID":16,"Tasa":12.7064554658},{"Region":"Biob\u00edo","Poblacion":1663696,"Fecha":"2020\/04\/13","PCR Realizados":"-","Region ID":8,"Tasa":"-"},{"Region":"Araucan\u00eda","Poblacion":1014343,"Fecha":"2020\/04\/13","PCR Realizados":"232","Region ID":9,"Tasa":22.8719476548},{"Region":"Los R\u00edos","Poblacion":405835,"Fecha":"2020\/04\/13","PCR Realizados":"-","Region ID":14,"Tasa":"-"},{"Region":"Los Lagos","Poblacion":891440,"Fecha":"2020\/04\/13","PCR Realizados":"39","Region ID":10,"Tasa":4.374943911},{"Region":"Ays\u00e9n","Poblacion":107297,"Fecha":"2020\/04\/13","PCR Realizados":"-","Region ID":11,"Tasa":"-"},{"Region":"Magallanes","Poblacion":178362,"Fecha":"2020\/04\/13","PCR Realizados":"45","Region ID":12,"Tasa":25.2295892623},{"Region":"Arica y Parinacota","Poblacion":252110,"Fecha":"2020\/04\/14","PCR Realizados":"93","Region ID":15,"Tasa":36.888659712},{"Region":"Tarapac\u00e1","Poblacion":382773,"Fecha":"2020\/04\/14","PCR Realizados":"-","Region ID":1,"Tasa":"-"},{"Region":"Antofagasta","Poblacion":691854,"Fecha":"2020\/04\/14","PCR Realizados":"95","Region ID":2,"Tasa":13.7312207489},{"Region":"Atacama","Poblacion":314709,"Fecha":"2020\/04\/14","PCR Realizados":"22","Region ID":3,"Tasa":6.9905849531},{"Region":"Coquimbo","Poblacion":836096,"Fecha":"2020\/04\/14","PCR Realizados":"-","Region ID":4,"Tasa":"-"},{"Region":"Valpara\u00edso","Poblacion":1960170,"Fecha":"2020\/04\/14","PCR Realizados":"92","Region ID":5,"Tasa":4.6934704643},{"Region":"Metropolitana","Poblacion":8125072,"Fecha":"2020\/04\/14","PCR Realizados":"1656","Region ID":13,"Tasa":20.3813578514},{"Region":"O\u2019Higgins","Poblacion":991063,"Fecha":"2020\/04\/14","PCR Realizados":"30","Region ID":6,"Tasa":3.0270527706},{"Region":"Maule","Poblacion":1131939,"Fecha":"2020\/04\/14","PCR Realizados":"160","Region ID":7,"Tasa":14.1350373121},{"Region":"\u00d1uble","Poblacion":511551,"Fecha":"2020\/04\/14","PCR Realizados":"-","Region ID":16,"Tasa":"-"},{"Region":"Biob\u00edo","Poblacion":1663696,"Fecha":"2020\/04\/14","PCR Realizados":"218","Region ID":8,"Tasa":13.1033554207},{"Region":"Araucan\u00eda","Poblacion":1014343,"Fecha":"2020\/04\/14","PCR Realizados":"148","Region ID":9,"Tasa":14.5907252281},{"Region":"Los R\u00edos","Poblacion":405835,"Fecha":"2020\/04\/14","PCR Realizados":"67","Region ID":14,"Tasa":16.5091724469},{"Region":"Los Lagos","Poblacion":891440,"Fecha":"2020\/04\/14","PCR Realizados":"131","Region ID":10,"Tasa":14.6953244189},{"Region":"Ays\u00e9n","Poblacion":107297,"Fecha":"2020\/04\/14","PCR Realizados":"12","Region ID":11,"Tasa":11.1839100814},{"Region":"Magallanes","Poblacion":178362,"Fecha":"2020\/04\/14","PCR Realizados":"35","Region ID":12,"Tasa":19.6230138707},{"Region":"Arica y Parinacota","Poblacion":252110,"Fecha":"2020\/04\/15","PCR Realizados":"24","Region ID":15,"Tasa":9.5196541192},{"Region":"Tarapac\u00e1","Poblacion":382773,"Fecha":"2020\/04\/15","PCR Realizados":"-","Region ID":1,"Tasa":"-"},{"Region":"Antofagasta","Poblacion":691854,"Fecha":"2020\/04\/15","PCR Realizados":"117","Region ID":2,"Tasa":16.911082396},{"Region":"Atacama","Poblacion":314709,"Fecha":"2020\/04\/15","PCR Realizados":"25","Region ID":3,"Tasa":7.9438465376},{"Region":"Coquimbo","Poblacion":836096,"Fecha":"2020\/04\/15","PCR Realizados":"-","Region ID":4,"Tasa":"-"},{"Region":"Valpara\u00edso","Poblacion":1960170,"Fecha":"2020\/04\/15","PCR Realizados":"385","Region ID":5,"Tasa":19.6411535734},{"Region":"Metropolitana","Poblacion":8125072,"Fecha":"2020\/04\/15","PCR Realizados":"2694","Region ID":13,"Tasa":33.1566292582},{"Region":"O\u2019Higgins","Poblacion":991063,"Fecha":"2020\/04\/15","PCR Realizados":"30","Region ID":6,"Tasa":3.0270527706},{"Region":"Maule","Poblacion":1131939,"Fecha":"2020\/04\/15","PCR Realizados":"-","Region ID":7,"Tasa":"-"},{"Region":"\u00d1uble","Poblacion":511551,"Fecha":"2020\/04\/15","PCR Realizados":"-","Region ID":16,"Tasa":"-"},{"Region":"Biob\u00edo","Poblacion":1663696,"Fecha":"2020\/04\/15","PCR Realizados":"311","Region ID":8,"Tasa":18.6933189717},{"Region":"Araucan\u00eda","Poblacion":1014343,"Fecha":"2020\/04\/15","PCR Realizados":"218","Region ID":9,"Tasa":21.491743917},{"Region":"Los R\u00edos","Poblacion":405835,"Fecha":"2020\/04\/15","PCR Realizados":"67","Region ID":14,"Tasa":16.5091724469},{"Region":"Los Lagos","Poblacion":891440,"Fecha":"2020\/04\/15","PCR Realizados":"137","Region ID":10,"Tasa":15.3683927129},{"Region":"Ays\u00e9n","Poblacion":107297,"Fecha":"2020\/04\/15","PCR Realizados":"8","Region ID":11,"Tasa":7.4559400542},{"Region":"Magallanes","Poblacion":178362,"Fecha":"2020\/04\/15","PCR Realizados":"63","Region ID":12,"Tasa":35.3214249672},{"Region":"Arica y Parinacota","Poblacion":252110,"Fecha":"2020\/04\/16","PCR Realizados":"198","Region ID":15,"Tasa":78.5371464837},{"Region":"Tarapac\u00e1","Poblacion":382773,"Fecha":"2020\/04\/16","PCR Realizados":"30","Region ID":1,"Tasa":7.8375434004},{"Region":"Antofagasta","Poblacion":691854,"Fecha":"2020\/04\/16","PCR Realizados":"117","Region ID":2,"Tasa":16.911082396},{"Region":"Atacama","Poblacion":314709,"Fecha":"2020\/04\/16","PCR Realizados":"29","Region ID":3,"Tasa":9.2148619836},{"Region":"Coquimbo","Poblacion":836096,"Fecha":"2020\/04\/16","PCR Realizados":"-","Region ID":4,"Tasa":"-"},{"Region":"Valpara\u00edso","Poblacion":1960170,"Fecha":"2020\/04\/16","PCR Realizados":"240","Region ID":5,"Tasa":12.2438359938},{"Region":"Metropolitana","Poblacion":8125072,"Fecha":"2020\/04\/16","PCR Realizados":"4356","Region ID":13,"Tasa":53.611832609},{"Region":"O\u2019Higgins","Poblacion":991063,"Fecha":"2020\/04\/16","PCR Realizados":"58","Region ID":6,"Tasa":5.8523020232},{"Region":"Maule","Poblacion":1131939,"Fecha":"2020\/04\/16","PCR Realizados":"469","Region ID":7,"Tasa":41.433328121},{"Region":"\u00d1uble","Poblacion":511551,"Fecha":"2020\/04\/16","PCR Realizados":"110","Region ID":16,"Tasa":21.5032323268},{"Region":"Biob\u00edo","Poblacion":1663696,"Fecha":"2020\/04\/16","PCR Realizados":"408","Region ID":8,"Tasa":24.5237110626},{"Region":"Araucan\u00eda","Poblacion":1014343,"Fecha":"2020\/04\/16","PCR Realizados":"246","Region ID":9,"Tasa":24.2521513926},{"Region":"Los R\u00edos","Poblacion":405835,"Fecha":"2020\/04\/16","PCR Realizados":"49","Region ID":14,"Tasa":12.0738723866},{"Region":"Los Lagos","Poblacion":891440,"Fecha":"2020\/04\/16","PCR Realizados":"139","Region ID":10,"Tasa":15.5927488109},{"Region":"Ays\u00e9n","Poblacion":107297,"Fecha":"2020\/04\/16","PCR Realizados":"16","Region ID":11,"Tasa":14.9118801085},{"Region":"Magallanes","Poblacion":178362,"Fecha":"2020\/04\/16","PCR Realizados":"86","Region ID":12,"Tasa":48.2165483679},{"Region":"Arica y Parinacota","Poblacion":252110,"Fecha":"2020\/04\/17","PCR Realizados":"131","Region ID":15,"Tasa":51.9614454008},{"Region":"Tarapac\u00e1","Poblacion":382773,"Fecha":"2020\/04\/17","PCR Realizados":"-","Region ID":1,"Tasa":"-"},{"Region":"Antofagasta","Poblacion":691854,"Fecha":"2020\/04\/17","PCR Realizados":"143","Region ID":2,"Tasa":20.6691007062},{"Region":"Atacama","Poblacion":314709,"Fecha":"2020\/04\/17","PCR Realizados":"37","Region ID":3,"Tasa":11.7568928756},{"Region":"Coquimbo","Poblacion":836096,"Fecha":"2020\/04\/17","PCR Realizados":"-","Region ID":4,"Tasa":"-"},{"Region":"Valpara\u00edso","Poblacion":1960170,"Fecha":"2020\/04\/17","PCR Realizados":"246","Region ID":5,"Tasa":12.5499318937},{"Region":"Metropolitana","Poblacion":8125072,"Fecha":"2020\/04\/17","PCR Realizados":"3670","Region ID":13,"Tasa":45.1688305039},{"Region":"O\u2019Higgins","Poblacion":991063,"Fecha":"2020\/04\/17","PCR Realizados":"50","Region ID":6,"Tasa":5.045087951},{"Region":"Maule","Poblacion":1131939,"Fecha":"2020\/04\/17","PCR Realizados":"367","Region ID":7,"Tasa":32.4222418346},{"Region":"\u00d1uble","Poblacion":511551,"Fecha":"2020\/04\/17","PCR Realizados":"159","Region ID":16,"Tasa":31.0819449087},{"Region":"Biob\u00edo","Poblacion":1663696,"Fecha":"2020\/04\/17","PCR Realizados":"80","Region ID":8,"Tasa":4.8085707966},{"Region":"Araucan\u00eda","Poblacion":1014343,"Fecha":"2020\/04\/17","PCR Realizados":"220","Region ID":9,"Tasa":21.6889158795},{"Region":"Los R\u00edos","Poblacion":405835,"Fecha":"2020\/04\/17","PCR Realizados":"71","Region ID":14,"Tasa":17.4947946826},{"Region":"Los Lagos","Poblacion":891440,"Fecha":"2020\/04\/17","PCR Realizados":"198","Region ID":10,"Tasa":22.2112537019},{"Region":"Ays\u00e9n","Poblacion":107297,"Fecha":"2020\/04\/17","PCR Realizados":"8","Region ID":11,"Tasa":7.4559400542},{"Region":"Magallanes","Poblacion":178362,"Fecha":"2020\/04\/17","PCR Realizados":"69","Region ID":12,"Tasa":38.6853702022},{"Region":"Arica y Parinacota","Poblacion":252110,"Fecha":"2020\/04\/18","PCR Realizados":"-","Region ID":15,"Tasa":"-"},{"Region":"Tarapac\u00e1","Poblacion":382773,"Fecha":"2020\/04\/18","PCR Realizados":"60","Region ID":1,"Tasa":15.6750868008},{"Region":"Antofagasta","Poblacion":691854,"Fecha":"2020\/04\/18","PCR Realizados":"200","Region ID":2,"Tasa":28.9078331556},{"Region":"Atacama","Poblacion":314709,"Fecha":"2020\/04\/18","PCR Realizados":"50","Region ID":3,"Tasa":15.8876930752},{"Region":"Coquimbo","Poblacion":836096,"Fecha":"2020\/04\/18","PCR Realizados":"-","Region ID":4,"Tasa":"-"},{"Region":"Valpara\u00edso","Poblacion":1960170,"Fecha":"2020\/04\/18","PCR Realizados":"330","Region ID":5,"Tasa":16.8352744915},{"Region":"Metropolitana","Poblacion":8125072,"Fecha":"2020\/04\/18","PCR Realizados":"2744","Region ID":13,"Tasa":33.7720084204},{"Region":"O\u2019Higgins","Poblacion":991063,"Fecha":"2020\/04\/18","PCR Realizados":"-","Region ID":6,"Tasa":"-"},{"Region":"Maule","Poblacion":1131939,"Fecha":"2020\/04\/18","PCR Realizados":"176","Region ID":7,"Tasa":15.5485410433},{"Region":"\u00d1uble","Poblacion":511551,"Fecha":"2020\/04\/18","PCR Realizados":"76","Region ID":16,"Tasa":14.8567786985},{"Region":"Biob\u00edo","Poblacion":1663696,"Fecha":"2020\/04\/18","PCR Realizados":"751","Region ID":8,"Tasa":45.140458353},{"Region":"Araucan\u00eda","Poblacion":1014343,"Fecha":"2020\/04\/18","PCR Realizados":"169","Region ID":9,"Tasa":16.6610308347},{"Region":"Los R\u00edos","Poblacion":405835,"Fecha":"2020\/04\/18","PCR Realizados":"91","Region ID":14,"Tasa":22.4229058608},{"Region":"Los Lagos","Poblacion":891440,"Fecha":"2020\/04\/18","PCR Realizados":"315","Region ID":10,"Tasa":35.3360854348},{"Region":"Ays\u00e9n","Poblacion":107297,"Fecha":"2020\/04\/18","PCR Realizados":"8","Region ID":11,"Tasa":7.4559400542},{"Region":"Magallanes","Poblacion":178362,"Fecha":"2020\/04\/18","PCR Realizados":"48","Region ID":12,"Tasa":26.9115618798},{"Region":"Arica y Parinacota","Poblacion":252110,"Fecha":"2020\/04\/19","PCR Realizados":"155","Region ID":15,"Tasa":61.4810995201},{"Region":"Tarapac\u00e1","Poblacion":382773,"Fecha":"2020\/04\/19","PCR Realizados":"0","Region ID":1,"Tasa":0.0},{"Region":"Antofagasta","Poblacion":691854,"Fecha":"2020\/04\/19","PCR Realizados":"129","Region ID":2,"Tasa":18.6455523853},{"Region":"Atacama","Poblacion":314709,"Fecha":"2020\/04\/19","PCR Realizados":"31","Region ID":3,"Tasa":9.8503697066},{"Region":"Coquimbo","Poblacion":836096,"Fecha":"2020\/04\/19","PCR Realizados":"-","Region ID":4,"Tasa":"-"},{"Region":"Valpara\u00edso","Poblacion":1960170,"Fecha":"2020\/04\/19","PCR Realizados":"166","Region ID":5,"Tasa":8.4686532291},{"Region":"Metropolitana","Poblacion":8125072,"Fecha":"2020\/04\/19","PCR Realizados":"3475","Region ID":13,"Tasa":42.7688517714},{"Region":"O\u2019Higgins","Poblacion":991063,"Fecha":"2020\/04\/19","PCR Realizados":"0","Region ID":6,"Tasa":0.0},{"Region":"Maule","Poblacion":1131939,"Fecha":"2020\/04\/19","PCR Realizados":"0","Region ID":7,"Tasa":0.0},{"Region":"\u00d1uble","Poblacion":511551,"Fecha":"2020\/04\/19","PCR Realizados":"127","Region ID":16,"Tasa":24.8264591409},{"Region":"Biob\u00edo","Poblacion":1663696,"Fecha":"2020\/04\/19","PCR Realizados":"358","Region ID":8,"Tasa":21.5183543147},{"Region":"Araucan\u00eda","Poblacion":1014343,"Fecha":"2020\/04\/19","PCR Realizados":"122","Region ID":9,"Tasa":12.027489715},{"Region":"Los R\u00edos","Poblacion":405835,"Fecha":"2020\/04\/19","PCR Realizados":"0","Region ID":14,"Tasa":0.0},{"Region":"Los Lagos","Poblacion":891440,"Fecha":"2020\/04\/19","PCR Realizados":"96","Region ID":10,"Tasa":10.7690927039},{"Region":"Ays\u00e9n","Poblacion":107297,"Fecha":"2020\/04\/19","PCR Realizados":"6","Region ID":11,"Tasa":5.5919550407},{"Region":"Magallanes","Poblacion":178362,"Fecha":"2020\/04\/19","PCR Realizados":"93","Region ID":12,"Tasa":52.1411511421},{"Region":"Arica y Parinacota","Poblacion":252110,"Fecha":"2020\/04\/20","PCR Realizados":"48","Region ID":15,"Tasa":19.0393082385},{"Region":"Tarapac\u00e1","Poblacion":382773,"Fecha":"2020\/04\/20","PCR Realizados":"0","Region ID":1,"Tasa":0.0},{"Region":"Antofagasta","Poblacion":691854,"Fecha":"2020\/04\/20","PCR Realizados":"197","Region ID":2,"Tasa":28.4742156582},{"Region":"Atacama","Poblacion":314709,"Fecha":"2020\/04\/20","PCR Realizados":"33","Region ID":3,"Tasa":10.4858774296},{"Region":"Coquimbo","Poblacion":836096,"Fecha":"2020\/04\/20","PCR Realizados":"-","Region ID":4,"Tasa":"-"},{"Region":"Valpara\u00edso","Poblacion":1960170,"Fecha":"2020\/04\/20","PCR Realizados":"177","Region ID":5,"Tasa":9.0298290454},{"Region":"Metropolitana","Poblacion":8125072,"Fecha":"2020\/04\/20","PCR Realizados":"3276","Region ID":13,"Tasa":40.3196427059},{"Region":"O\u2019Higgins","Poblacion":991063,"Fecha":"2020\/04\/20","PCR Realizados":"72","Region ID":6,"Tasa":7.2649266495},{"Region":"Maule","Poblacion":1131939,"Fecha":"2020\/04\/20","PCR Realizados":"328","Region ID":7,"Tasa":28.9768264898},{"Region":"\u00d1uble","Poblacion":511551,"Fecha":"2020\/04\/20","PCR Realizados":"149","Region ID":16,"Tasa":29.1271056063},{"Region":"Biob\u00edo","Poblacion":1663696,"Fecha":"2020\/04\/20","PCR Realizados":"214","Region ID":8,"Tasa":12.8629268809},{"Region":"Araucan\u00eda","Poblacion":1014343,"Fecha":"2020\/04\/20","PCR Realizados":"376","Region ID":9,"Tasa":37.0683289578},{"Region":"Los R\u00edos","Poblacion":405835,"Fecha":"2020\/04\/20","PCR Realizados":"121","Region ID":14,"Tasa":29.815072628},{"Region":"Los Lagos","Poblacion":891440,"Fecha":"2020\/04\/20","PCR Realizados":"139","Region ID":10,"Tasa":15.5927488109},{"Region":"Ays\u00e9n","Poblacion":107297,"Fecha":"2020\/04\/20","PCR Realizados":"0","Region ID":11,"Tasa":0.0},{"Region":"Magallanes","Poblacion":178362,"Fecha":"2020\/04\/20","PCR Realizados":"48","Region ID":12,"Tasa":26.9115618798},{"Region":"Arica y Parinacota","Poblacion":252110,"Fecha":"2020\/04\/21","PCR Realizados":"52","Region ID":15,"Tasa":20.6259172583},{"Region":"Tarapac\u00e1","Poblacion":382773,"Fecha":"2020\/04\/21","PCR Realizados":"30","Region ID":1,"Tasa":7.8375434004},{"Region":"Antofagasta","Poblacion":691854,"Fecha":"2020\/04\/21","PCR Realizados":"147","Region ID":2,"Tasa":21.2472573693},{"Region":"Atacama","Poblacion":314709,"Fecha":"2020\/04\/21","PCR Realizados":"33","Region ID":3,"Tasa":10.4858774296},{"Region":"Coquimbo","Poblacion":836096,"Fecha":"2020\/04\/21","PCR Realizados":"-","Region ID":4,"Tasa":"-"},{"Region":"Valpara\u00edso","Poblacion":1960170,"Fecha":"2020\/04\/21","PCR Realizados":"142","Region ID":5,"Tasa":7.2442696297},{"Region":"Metropolitana","Poblacion":8125072,"Fecha":"2020\/04\/21","PCR Realizados":"2126","Region ID":13,"Tasa":26.1659219758},{"Region":"O\u2019Higgins","Poblacion":991063,"Fecha":"2020\/04\/21","PCR Realizados":"65","Region ID":6,"Tasa":6.5586143363},{"Region":"Maule","Poblacion":1131939,"Fecha":"2020\/04\/21","PCR Realizados":"188","Region ID":7,"Tasa":16.6086688417},{"Region":"\u00d1uble","Poblacion":511551,"Fecha":"2020\/04\/21","PCR Realizados":"73","Region ID":16,"Tasa":14.2703269078},{"Region":"Biob\u00edo","Poblacion":1663696,"Fecha":"2020\/04\/21","PCR Realizados":"216","Region ID":8,"Tasa":12.9831411508},{"Region":"Araucan\u00eda","Poblacion":1014343,"Fecha":"2020\/04\/21","PCR Realizados":"206","Region ID":9,"Tasa":20.3087121418},{"Region":"Los R\u00edos","Poblacion":405835,"Fecha":"2020\/04\/21","PCR Realizados":"58","Region ID":14,"Tasa":14.2915224167},{"Region":"Los Lagos","Poblacion":891440,"Fecha":"2020\/04\/21","PCR Realizados":"149","Region ID":10,"Tasa":16.7145293009},{"Region":"Ays\u00e9n","Poblacion":107297,"Fecha":"2020\/04\/21","PCR Realizados":"4","Region ID":11,"Tasa":3.7279700271},{"Region":"Magallanes","Poblacion":178362,"Fecha":"2020\/04\/21","PCR Realizados":"41","Region ID":12,"Tasa":22.9869591056},{"Region":"Arica y Parinacota","Poblacion":252110,"Fecha":"2020\/04\/22","PCR Realizados":0,"Region ID":15,"Tasa":0.0},{"Region":"Tarapac\u00e1","Poblacion":382773,"Fecha":"2020\/04\/22","PCR Realizados":59,"Region ID":1,"Tasa":15.4138353541},{"Region":"Antofagasta","Poblacion":691854,"Fecha":"2020\/04\/22","PCR Realizados":152,"Region ID":2,"Tasa":21.9699531982},{"Region":"Atacama","Poblacion":314709,"Fecha":"2020\/04\/22","PCR Realizados":47,"Region ID":3,"Tasa":14.9344314907},{"Region":"Coquimbo","Poblacion":836096,"Fecha":"2020\/04\/22","PCR Realizados":29,"Region ID":4,"Tasa":3.4685012247},{"Region":"Valpara\u00edso","Poblacion":1960170,"Fecha":"2020\/04\/22","PCR Realizados":384,"Region ID":5,"Tasa":19.5901375901},{"Region":"Metropolitana","Poblacion":8125072,"Fecha":"2020\/04\/22","PCR Realizados":3917,"Region ID":13,"Tasa":48.2088035651},{"Region":"O\u2019Higgins","Poblacion":991063,"Fecha":"2020\/04\/22","PCR Realizados":0,"Region ID":6,"Tasa":0.0},{"Region":"Maule","Poblacion":1131939,"Fecha":"2020\/04\/22","PCR Realizados":724,"Region ID":7,"Tasa":63.9610438372},{"Region":"\u00d1uble","Poblacion":511551,"Fecha":"2020\/04\/22","PCR Realizados":221,"Region ID":16,"Tasa":43.2019485838},{"Region":"Biob\u00edo","Poblacion":1663696,"Fecha":"2020\/04\/22","PCR Realizados":340,"Region ID":8,"Tasa":20.4364258855},{"Region":"Araucan\u00eda","Poblacion":1014343,"Fecha":"2020\/04\/22","PCR Realizados":176,"Region ID":9,"Tasa":17.3511327036},{"Region":"Los R\u00edos","Poblacion":405835,"Fecha":"2020\/04\/22","PCR Realizados":54,"Region ID":14,"Tasa":13.3059001811},{"Region":"Los Lagos","Poblacion":891440,"Fecha":"2020\/04\/22","PCR Realizados":209,"Region ID":10,"Tasa":23.4452122409},{"Region":"Ays\u00e9n","Poblacion":107297,"Fecha":"2020\/04\/22","PCR Realizados":4,"Region ID":11,"Tasa":3.7279700271},{"Region":"Magallanes","Poblacion":178362,"Fecha":"2020\/04\/22","PCR Realizados":49,"Region ID":12,"Tasa":27.4722194189},{"Region":"Arica y Parinacota","Poblacion":252110,"Fecha":"2020\/04\/23","PCR Realizados":169,"Region ID":15,"Tasa":67.0342310896},{"Region":"Tarapac\u00e1","Poblacion":382773,"Fecha":"2020\/04\/23","PCR Realizados":30,"Region ID":1,"Tasa":7.8375434004},{"Region":"Antofagasta","Poblacion":691854,"Fecha":"2020\/04\/23","PCR Realizados":146,"Region ID":2,"Tasa":21.1027182036},{"Region":"Atacama","Poblacion":314709,"Fecha":"2020\/04\/23","PCR Realizados":57,"Region ID":3,"Tasa":18.1119701057},{"Region":"Coquimbo","Poblacion":836096,"Fecha":"2020\/04\/23","PCR Realizados":22,"Region ID":4,"Tasa":2.6312767912},{"Region":"Valpara\u00edso","Poblacion":1960170,"Fecha":"2020\/04\/23","PCR Realizados":90,"Region ID":5,"Tasa":4.5914384977},{"Region":"Metropolitana","Poblacion":8125072,"Fecha":"2020\/04\/23","PCR Realizados":3712,"Region ID":13,"Tasa":45.6857490001},{"Region":"O\u2019Higgins","Poblacion":991063,"Fecha":"2020\/04\/23","PCR Realizados":86,"Region ID":6,"Tasa":8.6775512758},{"Region":"Maule","Poblacion":1131939,"Fecha":"2020\/04\/23","PCR Realizados":663,"Region ID":7,"Tasa":58.5720608619},{"Region":"\u00d1uble","Poblacion":511551,"Fecha":"2020\/04\/23","PCR Realizados":189,"Region ID":16,"Tasa":36.946462816},{"Region":"Biob\u00edo","Poblacion":1663696,"Fecha":"2020\/04\/23","PCR Realizados":468,"Region ID":8,"Tasa":28.13013916},{"Region":"Araucan\u00eda","Poblacion":1014343,"Fecha":"2020\/04\/23","PCR Realizados":370,"Region ID":9,"Tasa":36.4768130701},{"Region":"Los R\u00edos","Poblacion":405835,"Fecha":"2020\/04\/23","PCR Realizados":67,"Region ID":14,"Tasa":16.5091724469},{"Region":"Los Lagos","Poblacion":891440,"Fecha":"2020\/04\/23","PCR Realizados":335,"Region ID":10,"Tasa":37.5796464148},{"Region":"Ays\u00e9n","Poblacion":107297,"Fecha":"2020\/04\/23","PCR Realizados":21,"Region ID":11,"Tasa":19.5718426424},{"Region":"Magallanes","Poblacion":178362,"Fecha":"2020\/04\/23","PCR Realizados":0,"Region ID":12,"Tasa":0.0},{"Region":"Arica y Parinacota","Poblacion":252110,"Fecha":"2020\/04\/24","PCR Realizados":85,"Region ID":15,"Tasa":33.7154416723},{"Region":"Tarapac\u00e1","Poblacion":382773,"Fecha":"2020\/04\/24","PCR Realizados":203,"Region ID":1,"Tasa":53.034043676},{"Region":"Antofagasta","Poblacion":691854,"Fecha":"2020\/04\/24","PCR Realizados":166,"Region ID":2,"Tasa":23.9935015191},{"Region":"Atacama","Poblacion":314709,"Fecha":"2020\/04\/24","PCR Realizados":77,"Region ID":3,"Tasa":24.4670473358},{"Region":"Coquimbo","Poblacion":836096,"Fecha":"2020\/04\/24","PCR Realizados":44,"Region ID":4,"Tasa":5.2625535824},{"Region":"Valpara\u00edso","Poblacion":1960170,"Fecha":"2020\/04\/24","PCR Realizados":293,"Region ID":5,"Tasa":14.9476831091},{"Region":"Metropolitana","Poblacion":8125072,"Fecha":"2020\/04\/24","PCR Realizados":4376,"Region ID":13,"Tasa":53.8579842739},{"Region":"O\u2019Higgins","Poblacion":991063,"Fecha":"2020\/04\/24","PCR Realizados":72,"Region ID":6,"Tasa":7.2649266495},{"Region":"Maule","Poblacion":1131939,"Fecha":"2020\/04\/24","PCR Realizados":606,"Region ID":7,"Tasa":53.5364538195},{"Region":"\u00d1uble","Poblacion":511551,"Fecha":"2020\/04\/24","PCR Realizados":0,"Region ID":16,"Tasa":0.0},{"Region":"Biob\u00edo","Poblacion":1663696,"Fecha":"2020\/04\/24","PCR Realizados":340,"Region ID":8,"Tasa":20.4364258855},{"Region":"Araucan\u00eda","Poblacion":1014343,"Fecha":"2020\/04\/24","PCR Realizados":306,"Region ID":9,"Tasa":30.1673102688},{"Region":"Los R\u00edos","Poblacion":405835,"Fecha":"2020\/04\/24","PCR Realizados":87,"Region ID":14,"Tasa":21.4372836251},{"Region":"Los Lagos","Poblacion":891440,"Fecha":"2020\/04\/24","PCR Realizados":324,"Region ID":10,"Tasa":36.3456878758},{"Region":"Ays\u00e9n","Poblacion":107297,"Fecha":"2020\/04\/24","PCR Realizados":48,"Region ID":11,"Tasa":44.7356403255},{"Region":"Magallanes","Poblacion":178362,"Fecha":"2020\/04\/24","PCR Realizados":93,"Region ID":12,"Tasa":52.1411511421},{"Region":"Arica y Parinacota","Poblacion":252110,"Fecha":"2020\/04\/25","PCR Realizados":90,"Region ID":15,"Tasa":35.6987029471},{"Region":"Tarapac\u00e1","Poblacion":382773,"Fecha":"2020\/04\/25","PCR Realizados":118,"Region ID":1,"Tasa":30.8276707082},{"Region":"Antofagasta","Poblacion":691854,"Fecha":"2020\/04\/25","PCR Realizados":217,"Region ID":2,"Tasa":31.3649989738},{"Region":"Atacama","Poblacion":314709,"Fecha":"2020\/04\/25","PCR Realizados":46,"Region ID":3,"Tasa":14.6166776292},{"Region":"Coquimbo","Poblacion":836096,"Fecha":"2020\/04\/25","PCR Realizados":42,"Region ID":4,"Tasa":5.0233466013},{"Region":"Valpara\u00edso","Poblacion":1960170,"Fecha":"2020\/04\/25","PCR Realizados":262,"Region ID":5,"Tasa":13.3661876266},{"Region":"Metropolitana","Poblacion":8125072,"Fecha":"2020\/04\/25","PCR Realizados":4218,"Region ID":13,"Tasa":51.9133861214},{"Region":"O\u2019Higgins","Poblacion":991063,"Fecha":"2020\/04\/25","PCR Realizados":0,"Region ID":6,"Tasa":0.0},{"Region":"Maule","Poblacion":1131939,"Fecha":"2020\/04\/25","PCR Realizados":254,"Region ID":7,"Tasa":22.4393717329},{"Region":"\u00d1uble","Poblacion":511551,"Fecha":"2020\/04\/25","PCR Realizados":371,"Region ID":16,"Tasa":72.5245381203},{"Region":"Biob\u00edo","Poblacion":1663696,"Fecha":"2020\/04\/25","PCR Realizados":354,"Region ID":8,"Tasa":21.2779257749},{"Region":"Araucan\u00eda","Poblacion":1014343,"Fecha":"2020\/04\/25","PCR Realizados":347,"Region ID":9,"Tasa":34.2093355009},{"Region":"Los R\u00edos","Poblacion":405835,"Fecha":"2020\/04\/25","PCR Realizados":77,"Region ID":14,"Tasa":18.973228036},{"Region":"Los Lagos","Poblacion":891440,"Fecha":"2020\/04\/25","PCR Realizados":406,"Region ID":10,"Tasa":45.5442878937},{"Region":"Ays\u00e9n","Poblacion":107297,"Fecha":"2020\/04\/25","PCR Realizados":30,"Region ID":11,"Tasa":27.9597752034},{"Region":"Magallanes","Poblacion":178362,"Fecha":"2020\/04\/25","PCR Realizados":113,"Region ID":12,"Tasa":63.3543019253},{"Region":"Arica y Parinacota","Poblacion":252110,"Fecha":"2020\/04\/26","PCR Realizados":73,"Region ID":15,"Tasa":28.9556146127},{"Region":"Tarapac\u00e1","Poblacion":382773,"Fecha":"2020\/04\/26","PCR Realizados":58,"Region ID":1,"Tasa":15.1525839074},{"Region":"Antofagasta","Poblacion":691854,"Fecha":"2020\/04\/26","PCR Realizados":214,"Region ID":2,"Tasa":30.9313814764},{"Region":"Atacama","Poblacion":314709,"Fecha":"2020\/04\/26","PCR Realizados":54,"Region ID":3,"Tasa":17.1587085212},{"Region":"Coquimbo","Poblacion":836096,"Fecha":"2020\/04\/26","PCR Realizados":72,"Region ID":4,"Tasa":8.6114513166},{"Region":"Valpara\u00edso","Poblacion":1960170,"Fecha":"2020\/04\/26","PCR Realizados":201,"Region ID":5,"Tasa":10.2542126448},{"Region":"Metropolitana","Poblacion":8125072,"Fecha":"2020\/04\/26","PCR Realizados":4313,"Region ID":13,"Tasa":53.0826065295},{"Region":"O\u2019Higgins","Poblacion":991063,"Fecha":"2020\/04\/26","PCR Realizados":195,"Region ID":6,"Tasa":19.675843009},{"Region":"Maule","Poblacion":1131939,"Fecha":"2020\/04\/26","PCR Realizados":349,"Region ID":7,"Tasa":30.832050137},{"Region":"\u00d1uble","Poblacion":511551,"Fecha":"2020\/04\/26","PCR Realizados":91,"Region ID":16,"Tasa":17.7890376522},{"Region":"Biob\u00edo","Poblacion":1663696,"Fecha":"2020\/04\/26","PCR Realizados":404,"Region ID":8,"Tasa":24.2832825228},{"Region":"Araucan\u00eda","Poblacion":1014343,"Fecha":"2020\/04\/26","PCR Realizados":273,"Region ID":9,"Tasa":26.9139728869},{"Region":"Los R\u00edos","Poblacion":405835,"Fecha":"2020\/04\/26","PCR Realizados":99,"Region ID":14,"Tasa":24.394150332},{"Region":"Los Lagos","Poblacion":891440,"Fecha":"2020\/04\/26","PCR Realizados":302,"Region ID":10,"Tasa":33.8777707978},{"Region":"Ays\u00e9n","Poblacion":107297,"Fecha":"2020\/04\/26","PCR Realizados":13,"Region ID":11,"Tasa":12.1159025881},{"Region":"Magallanes","Poblacion":178362,"Fecha":"2020\/04\/26","PCR Realizados":52,"Region ID":12,"Tasa":29.1541920364},{"Region":"Arica y Parinacota","Poblacion":252110,"Fecha":"2020\/04\/27","PCR Realizados":146,"Region ID":15,"Tasa":57.9112292253},{"Region":"Tarapac\u00e1","Poblacion":382773,"Fecha":"2020\/04\/27","PCR Realizados":58,"Region ID":1,"Tasa":15.1525839074},{"Region":"Antofagasta","Poblacion":691854,"Fecha":"2020\/04\/27","PCR Realizados":180,"Region ID":2,"Tasa":26.01704984},{"Region":"Atacama","Poblacion":314709,"Fecha":"2020\/04\/27","PCR Realizados":56,"Region ID":3,"Tasa":17.7942162442},{"Region":"Coquimbo","Poblacion":836096,"Fecha":"2020\/04\/27","PCR Realizados":0,"Region ID":4,"Tasa":0.0},{"Region":"Valpara\u00edso","Poblacion":1960170,"Fecha":"2020\/04\/27","PCR Realizados":167,"Region ID":5,"Tasa":8.5196692124},{"Region":"Metropolitana","Poblacion":8125072,"Fecha":"2020\/04\/27","PCR Realizados":3289,"Region ID":13,"Tasa":40.4796412881},{"Region":"O\u2019Higgins","Poblacion":991063,"Fecha":"2020\/04\/27","PCR Realizados":30,"Region ID":6,"Tasa":3.0270527706},{"Region":"Maule","Poblacion":1131939,"Fecha":"2020\/04\/27","PCR Realizados":535,"Region ID":7,"Tasa":47.2640310123},{"Region":"\u00d1uble","Poblacion":511551,"Fecha":"2020\/04\/27","PCR Realizados":90,"Region ID":16,"Tasa":17.5935537219},{"Region":"Biob\u00edo","Poblacion":1663696,"Fecha":"2020\/04\/27","PCR Realizados":174,"Region ID":8,"Tasa":10.4586414826},{"Region":"Araucan\u00eda","Poblacion":1014343,"Fecha":"2020\/04\/27","PCR Realizados":246,"Region ID":9,"Tasa":24.2521513926},{"Region":"Los R\u00edos","Poblacion":405835,"Fecha":"2020\/04\/27","PCR Realizados":56,"Region ID":14,"Tasa":13.7987112989},{"Region":"Los Lagos","Poblacion":891440,"Fecha":"2020\/04\/27","PCR Realizados":207,"Region ID":10,"Tasa":23.2208561429},{"Region":"Ays\u00e9n","Poblacion":107297,"Fecha":"2020\/04\/27","PCR Realizados":0,"Region ID":11,"Tasa":0.0},{"Region":"Magallanes","Poblacion":178362,"Fecha":"2020\/04\/27","PCR Realizados":26,"Region ID":12,"Tasa":14.5770960182}]